start_time,end_time,run_time,program_string,hidden_dim,learning_rate,epochs,result,exit_code,signal,hostname
1726378408,1726379059,651,bash /data/horse/ws/rasa397c-Sankar/Multimodal/transfuser/model_ckpt/omniopt/model.sh --hidden_dim=150 --learning_rate=0.0006620584388263524 --num_epochs=12,150,0.0006620584388263524,12,0.012596,0,None,n1630
1726378426,1726379687,1261,bash /data/horse/ws/rasa397c-Sankar/Multimodal/transfuser/model_ckpt/omniopt/model.sh --hidden_dim=231 --learning_rate=0.00010146674588322639 --num_epochs=36,231,0.00010146674588322639,36,0.008663,0,None,n1377
1726378382,1726379917,1535,bash /data/horse/ws/rasa397c-Sankar/Multimodal/transfuser/model_ckpt/omniopt/model.sh --hidden_dim=57 --learning_rate=0.0003633067978546023 --num_epochs=37,57,0.0003633067978546023,37,0.009817,0,None,n1630
1726378347,1726381121,2774,bash /data/horse/ws/rasa397c-Sankar/Multimodal/transfuser/model_ckpt/omniopt/model.sh --hidden_dim=100 --learning_rate=0.00031276299636811015 --num_epochs=31,100,0.00031276299636811015,31,0.010225,0,None,n1629
1726378350,1726381217,2867,bash /data/horse/ws/rasa397c-Sankar/Multimodal/transfuser/model_ckpt/omniopt/model.sh --hidden_dim=248 --learning_rate=0.000989063920546323 --num_epochs=32,248,0.000989063920546323,32,0.01557,0,None,n1629
1726378407,1726381903,3496,bash /data/horse/ws/rasa397c-Sankar/Multimodal/transfuser/model_ckpt/omniopt/model.sh --hidden_dim=87 --learning_rate=0.0003262639398686588 --num_epochs=93,87,0.0003262639398686588,93,0.006507,0,None,n1630
1726378367,1726382825,4458,bash /data/horse/ws/rasa397c-Sankar/Multimodal/transfuser/model_ckpt/omniopt/model.sh --hidden_dim=87 --learning_rate=0.0006668962612748147 --num_epochs=52,87,0.0006668962612748147,52,0.01041,0,None,n1629
1726378382,1726382894,4512,bash /data/horse/ws/rasa397c-Sankar/Multimodal/transfuser/model_ckpt/omniopt/model.sh --hidden_dim=148 --learning_rate=0.00013095340365543962 --num_epochs=122,148,0.00013095340365543962,122,0.004891,0,None,n1630
1726378443,1726383215,4772,bash /data/horse/ws/rasa397c-Sankar/Multimodal/transfuser/model_ckpt/omniopt/model.sh --hidden_dim=66 --learning_rate=0.0005186664057895542 --num_epochs=156,66,0.0005186664057895542,156,0.006787,0,None,n1377
1726378347,1726383599,5252,bash /data/horse/ws/rasa397c-Sankar/Multimodal/transfuser/model_ckpt/omniopt/model.sh --hidden_dim=194 --learning_rate=0.0009602144047617913 --num_epochs=61,194,0.0009602144047617913,61,0.009732,0,None,n1629
1726378408,1726383922,5514,bash /data/horse/ws/rasa397c-Sankar/Multimodal/transfuser/model_ckpt/omniopt/model.sh --hidden_dim=202 --learning_rate=0.0007778679813258351 --num_epochs=144,202,0.0007778679813258351,144,0.007255,0,None,n1630
1726378347,1726384063,5716,bash /data/horse/ws/rasa397c-Sankar/Multimodal/transfuser/model_ckpt/omniopt/model.sh --hidden_dim=178 --learning_rate=0.0005348852450959385 --num_epochs=68,178,0.0005348852450959385,68,0.00725,0,None,n1629
1726378408,1726384171,5763,bash /data/horse/ws/rasa397c-Sankar/Multimodal/transfuser/model_ckpt/omniopt/model.sh --hidden_dim=95 --learning_rate=0.00013687471197918057 --num_epochs=156,95,0.00013687471197918057,156,0.005008,0,None,n1630
1726378317,1726384431,6114,bash /data/horse/ws/rasa397c-Sankar/Multimodal/transfuser/model_ckpt/omniopt/model.sh --hidden_dim=229 --learning_rate=0.000163341829366982 --num_epochs=138,229,0.000163341829366982,138,0.003719,0,None,n1628
1726378421,1726384447,6026,bash /data/horse/ws/rasa397c-Sankar/Multimodal/transfuser/model_ckpt/omniopt/model.sh --hidden_dim=96 --learning_rate=0.0007908085761591792 --num_epochs=200,96,0.0007908085761591792,200,0.006776,0,None,n1377
1726378317,1726384476,6159,bash /data/horse/ws/rasa397c-Sankar/Multimodal/transfuser/model_ckpt/omniopt/model.sh --hidden_dim=68 --learning_rate=0.0007841855466365814 --num_epochs=171,68,0.0007841855466365814,171,0.00738,0,None,n1628
1726378426,1726384777,6351,bash /data/horse/ws/rasa397c-Sankar/Multimodal/transfuser/model_ckpt/omniopt/model.sh --hidden_dim=129 --learning_rate=0.0009417877964675427 --num_epochs=207,129,0.0009417877964675427,207,0.0072,0,None,n1377
1726378317,1726384803,6486,bash /data/horse/ws/rasa397c-Sankar/Multimodal/transfuser/model_ckpt/omniopt/model.sh --hidden_dim=113 --learning_rate=0.0005731490907259285 --num_epochs=195,113,0.0005731490907259285,195,0.006343,0,None,n1628
1726378408,1726384919,6511,bash /data/horse/ws/rasa397c-Sankar/Multimodal/transfuser/model_ckpt/omniopt/model.sh --hidden_dim=160 --learning_rate=0.0001898606681264937 --num_epochs=178,160,0.0001898606681264937,178,0.003636,0,None,n1630
1726378320,1726385419,7099,bash /data/horse/ws/rasa397c-Sankar/Multimodal/transfuser/model_ckpt/omniopt/model.sh --hidden_dim=106 --learning_rate=0.0008600241607986391 --num_epochs=86,106,0.0008600241607986391,86,0.008498,0,None,n1629
1726378347,1726385557,7210,bash /data/horse/ws/rasa397c-Sankar/Multimodal/transfuser/model_ckpt/omniopt/model.sh --hidden_dim=188 --learning_rate=0.0005749026334844531 --num_epochs=89,188,0.0005749026334844531,89,0.007564,0,None,n1629
1726378408,1726385759,7351,bash /data/horse/ws/rasa397c-Sankar/Multimodal/transfuser/model_ckpt/omniopt/model.sh --hidden_dim=159 --learning_rate=0.00017087435070425272 --num_epochs=196,159,0.00017087435070425272,196,0.00357,0,None,n1630
1726378426,1726385909,7483,bash /data/horse/ws/rasa397c-Sankar/Multimodal/transfuser/model_ckpt/omniopt/model.sh --hidden_dim=152 --learning_rate=0.0009873107172548772 --num_epochs=165,152,0.0009873107172548772,165,0.007691,0,None,n1377
1726378382,1726387163,8781,bash /data/horse/ws/rasa397c-Sankar/Multimodal/transfuser/model_ckpt/omniopt/model.sh --hidden_dim=178 --learning_rate=0.00022211654661223292 --num_epochs=245,178,0.00022211654661223292,245,0.003361,0,None,n1630
1726378421,1726387470,9049,bash /data/horse/ws/rasa397c-Sankar/Multimodal/transfuser/model_ckpt/omniopt/model.sh --hidden_dim=147 --learning_rate=0.00032770017394796014 --num_epochs=297,147,0.00032770017394796014,297,0.00389,0,None,n1377
1726378426,1726387501,9075,bash /data/horse/ws/rasa397c-Sankar/Multimodal/transfuser/model_ckpt/omniopt/model.sh --hidden_dim=86 --learning_rate=0.000856674593873322 --num_epochs=298,86,0.000856674593873322,298,0.007418,0,None,n1377
1726378426,1726387506,9080,bash /data/horse/ws/rasa397c-Sankar/Multimodal/transfuser/model_ckpt/omniopt/model.sh --hidden_dim=111 --learning_rate=0.0006417029567994178 --num_epochs=297,111,0.0006417029567994178,297,0.005888,0,None,n1377
1726378367,1726387677,9310,bash /data/horse/ws/rasa397c-Sankar/Multimodal/transfuser/model_ckpt/omniopt/model.sh --hidden_dim=223 --learning_rate=0.0007696319710463285 --num_epochs=121,223,0.0007696319710463285,121,0.007351,0,None,n1629
1726378347,1726387810,9463,bash /data/horse/ws/rasa397c-Sankar/Multimodal/transfuser/model_ckpt/omniopt/model.sh --hidden_dim=148 --learning_rate=0.00041410371270030733 --num_epochs=118,148,0.00041410371270030733,118,0.005745,0,None,n1629
1726378382,1726388288,9906,bash /data/horse/ws/rasa397c-Sankar/Multimodal/transfuser/model_ckpt/omniopt/model.sh --hidden_dim=186 --learning_rate=0.0007978426835499704 --num_epochs=272,186,0.0007978426835499704,272,0.006293,0,None,n1630
1726378367,1726388302,9935,bash /data/horse/ws/rasa397c-Sankar/Multimodal/transfuser/model_ckpt/omniopt/model.sh --hidden_dim=61 --learning_rate=0.0004253846420906484 --num_epochs=133,61,0.0004253846420906484,133,0.006596,0,None,n1629
1726378387,1726388394,10007,bash /data/horse/ws/rasa397c-Sankar/Multimodal/transfuser/model_ckpt/omniopt/model.sh --hidden_dim=201 --learning_rate=0.00020480378763750197 --num_epochs=276,201,0.00020480378763750197,276,0.002994,0,None,n1630
1726378382,1726388515,10133,bash /data/horse/ws/rasa397c-Sankar/Multimodal/transfuser/model_ckpt/omniopt/model.sh --hidden_dim=232 --learning_rate=0.0008651174250990152 --num_epochs=285,232,0.0008651174250990152,285,0.006037,0,None,n1630
1726378347,1726388620,10273,bash /data/horse/ws/rasa397c-Sankar/Multimodal/transfuser/model_ckpt/omniopt/model.sh --hidden_dim=132 --learning_rate=0.000689755679294467 --num_epochs=138,132,0.000689755679294467,138,0.007276,0,None,n1629
1726378424,1726388865,10441,bash /data/horse/ws/rasa397c-Sankar/Multimodal/transfuser/model_ckpt/omniopt/model.sh --hidden_dim=202 --learning_rate=0.0008723847270943225 --num_epochs=219,202,0.0008723847270943225,219,0.006814,0,None,n1364
1726378326,1726389747,11421,bash /data/horse/ws/rasa397c-Sankar/Multimodal/transfuser/model_ckpt/omniopt/model.sh --hidden_dim=214 --learning_rate=0.0006955051829107106 --num_epochs=156,214,0.0006955051829107106,156,0.006487,0,None,n1629
1726378320,1726390427,12107,bash /data/horse/ws/rasa397c-Sankar/Multimodal/transfuser/model_ckpt/omniopt/model.sh --hidden_dim=238 --learning_rate=0.0006653622212819756 --num_epochs=170,238,0.0006653622212819756,170,0.007031,0,None,n1629
1726378347,1726390478,12131,bash /data/horse/ws/rasa397c-Sankar/Multimodal/transfuser/model_ckpt/omniopt/model.sh --hidden_dim=70 --learning_rate=0.0004379859718494117 --num_epochs=177,70,0.0004379859718494117,177,0.005784,0,None,n1629
1726378367,1726391691,13324,bash /data/horse/ws/rasa397c-Sankar/Multimodal/transfuser/model_ckpt/omniopt/model.sh --hidden_dim=157 --learning_rate=0.00019913332452997564 --num_epochs=205,157,0.00019913332452997564,205,0.003769,0,None,n1629
1726378317,1726392847,14530,bash /data/horse/ws/rasa397c-Sankar/Multimodal/transfuser/model_ckpt/omniopt/model.sh --hidden_dim=164 --learning_rate=0.00010014268262311816 --num_epochs=229,164,0.00010014268262311816,229,0.003398,0,None,n1629
1726378317,1726392922,14605,bash /data/horse/ws/rasa397c-Sankar/Multimodal/transfuser/model_ckpt/omniopt/model.sh --hidden_dim=50 --learning_rate=0.0008615447084419429 --num_epochs=216,50,0.0008615447084419429,216,0.006978,0,None,n1629
1726378347,1726393078,14731,bash /data/horse/ws/rasa397c-Sankar/Multimodal/transfuser/model_ckpt/omniopt/model.sh --hidden_dim=111 --learning_rate=0.0002401815017685294 --num_epochs=247,111,0.0002401815017685294,247,0.004725,0,None,n1629
1726378367,1726393188,14821,bash /data/horse/ws/rasa397c-Sankar/Multimodal/transfuser/model_ckpt/omniopt/model.sh --hidden_dim=245 --learning_rate=0.00017383092707023024 --num_epochs=244,245,0.00017383092707023024,244,0.002841,0,None,n1629
1726378320,1726393309,14989,bash /data/horse/ws/rasa397c-Sankar/Multimodal/transfuser/model_ckpt/omniopt/model.sh --hidden_dim=140 --learning_rate=0.00042914443276822567 --num_epochs=246,140,0.00042914443276822567,246,0.004255,0,None,n1629
1726378317,1726393476,15159,bash /data/horse/ws/rasa397c-Sankar/Multimodal/transfuser/model_ckpt/omniopt/model.sh --hidden_dim=198 --learning_rate=0.00018100465517491103 --num_epochs=239,198,0.00018100465517491103,239,0.003498,0,None,n1629
1726378367,1726394046,15679,bash /data/horse/ws/rasa397c-Sankar/Multimodal/transfuser/model_ckpt/omniopt/model.sh --hidden_dim=222 --learning_rate=0.0002103942580521107 --num_epochs=268,222,0.0002103942580521107,268,0.003121,0,None,n1629
1726378326,1726394113,15787,bash /data/horse/ws/rasa397c-Sankar/Multimodal/transfuser/model_ckpt/omniopt/model.sh --hidden_dim=132 --learning_rate=0.0006040070479735732 --num_epochs=248,132,0.0006040070479735732,248,0.006369,0,None,n1629
1726378326,1726394170,15844,bash /data/horse/ws/rasa397c-Sankar/Multimodal/transfuser/model_ckpt/omniopt/model.sh --hidden_dim=100 --learning_rate=0.0004398662355728447 --num_epochs=284,100,0.0004398662355728447,284,0.005012,0,None,n1629
1726378320,1726394575,16255,bash /data/horse/ws/rasa397c-Sankar/Multimodal/transfuser/model_ckpt/omniopt/model.sh --hidden_dim=247 --learning_rate=0.0002422612430527806 --num_epochs=272,247,0.0002422612430527806,272,0.003035,0,None,n1629
1726378320,1726394824,16504,bash /data/horse/ws/rasa397c-Sankar/Multimodal/transfuser/model_ckpt/omniopt/model.sh --hidden_dim=235 --learning_rate=0.0009130604452453554 --num_epochs=275,235,0.0009130604452453554,275,0.006925,0,None,n1629
